﻿{"cameraMode":{"drawMode":0,"name":"Shaded","section":"Shading Mode"},"sceneLighting":false,"audioPlay":false,"sceneViewState":{"showFog":true,"showMaterialUpdate":false,"showSkybox":false,"showFlares":true,"showImageEffects":true,"showParticleSystems":true},"in2DMode":false,"pivot":{"x":17.600000381469728,"y":0.0,"z":1.2899999618530274},"rotation":{"x":-0.05547165870666504,"y":-1.813655927662694e-7,"z":-2.087261741223756e-8,"w":-0.9984602928161621},"size":2.8578836917877199,"orthographic":false}